{"cameraMode":{"drawMode":0,"name":"Shaded","section":"Shading Mode"},"sceneLighting":false,"audioPlay":false,"sceneViewState":{"m_AlwaysRefresh":false,"showFog":true,"showSkybox":false,"showFlares":true,"showImageEffects":true,"showParticleSystems":true,"showVisualEffectGraphs":true,"m_FxEnabled":true},"in2DMode":false,"pivot":{"x":-6.458010196685791,"y":11.670713424682618,"z":-15.505655288696289},"rotation":{"x":0.09434950351715088,"y":0.5015605688095093,"z":-0.055141501128673556,"w":0.8581929802894592},"size":37.730438232421878,"orthographic":true}